width|height|inUse|brand
976|415|false|Arcu Vestibulum Foundation
686|116|true|Tincidunt Corporation
717|393|true|Libero At Incorporated
867|548|false|Erat Eget Tincidunt PC
410|517|false|A Aliquet Vel Consulting
630|144|true|Suspendisse Company
373|153|true|Nonummy Ac Associates
861|167|true|Integer In Foundation
592|449|true|Dui Semper Et Industries
497|131|true|Iaculis Corp.
726|600|true|Nec Tellus Nunc Consulting
976|470|false|Rutrum Lorem LLP
969|230|false|Sed Libero Proin LLC
685|535|false|Dolor Dapibus Gravida Incorporated
385|312|true|Amet Risus Donec Corporation
